who,why,when
친구,감사,서프라이즈
친구,감사,기념일
친구,축하,입학식
친구,축하,졸업식
친구,축하,생일
친구,축하,서프라이즈
친구,축하,기념일
친구,축하,공연/전시
친구,축하,취직/개업
친구,응원,취직/개업
친구,응원,입학식
친구,응원,졸업식
친구,응원,서프라이즈
친구,응원,기념일
친구,응원,공연/전시
친구,이벤트,입학식
친구,이벤트,졸업식
친구,이벤트,생일
친구,이벤트,서프라이즈
친구,이벤트,기념일
친구,이벤트,공연/전시
친구,이벤트,취직/개업
연인,감사,서프라이즈
연인,감사,기념일
연인,축하,취직/개업
연인,축하,입학식
연인,축하,졸업식
연인,축하,서프라이즈
연인,축하,생일
연인,축하,공연/전시
연인,응원,취직/개업
연인,응원,졸업식
연인,응원,입학식
연인,응원,서프라이즈
연인,응원,공연/전시
연인,이벤트,입학식
연인,이벤트,졸업식
연인,이벤트,생일
연인,이벤트,서프라이즈
연인,이벤트,기념일
연인,이벤트,공연/전시
연인,이벤트,취직/개업
연인,사랑,기념일
연인,사랑,졸업식
연인,사랑,입학식
연인,사랑,서프라이즈
연인,사랑,생일
부모님,감사,기념일
부모님,감사,어버이날
부모님,축하,생일
부모님,축하,서프라이즈
부모님,축하,기념일
부모님,이벤트,생일
부모님,이벤트,기념일
부모님,이벤트,서프라이즈
부모님,이벤트,어버이날
부모님,사랑,생일
부모님,사랑,기념일
부모님,사랑,서프라이즈
부모님,사랑,어버이날
선생님,감사,스승의날
선생님,축하,생일
선생님,이벤트,생일
선생님,이벤트,스승의날
비즈니스,축하,공연/전시
비즈니스,축하,기념일
비즈니스,응원,공연/전시
비즈니스,응원,기념일